# m_A' [MeV], alpha_B
21.970333878055122, 1.0145413104589475e-11
219.70347662349016, 9.856672985475924e-10
250.01110548669652, 7.278953021545547e-10
392.99576637634124, 1.5420121495672005e-9
