# m_A' [MeV], alpha_B
2.011738042280794, 1.8873929762129848e-11
11.51395502525141, 6.033431190368265e-10
147.35585133189622, 9.715403979451182e-8
