# m_A' [MeV], alpha_B
36.12770923717365, 1.0445459278670482e-11
219.7365391498943, 3.7782183476288066e-10
250.29804992137662, 2.7848059892600124e-10
390.17495233618536, 5.674703792478307e-10
