# m_A' [MeV], alpha_B
2.0106753375973474, 2.6467493856887926e-11
14.01295113122471, 1.2434755156588896e-9
125.22366343195809, 9.71363436757738e-8
